record_id,full_name,phone,national_id,email,address
REC-00001,,+919876501001,,,
REC-00002,,+919876501001,,,
REC-00003,,+919876501001,,,
REC-00004,,+919876501001,,,
REC-00005,,+919876501001,,,
REC-00006,,+919876501001,,,
REC-00007,,+919876501002,,,
REC-00008,,+919876501003,,,
REC-00009,,+919876501001,,,
REC-00010,,+919876501001,,,
REC-00011,,+919876501001,,,
REC-00012,,+919876501004,,,
REC-00013,,+919876501005,,,
REC-00014,,,,,Delhi
REC-00015,,,,,Delhi
REC-00016,,,,,Delhi
REC-00017,,,,,Delhi
REC-00018,,,,,Delhi
REC-00019,,,,,Delhi
REC-00020,,,,,Delhi
REC-00021,,,,,Delhi
REC-00022,,,,,Delhi
REC-00023,,,,,Delhi
REC-00024,,,,,Delhi
REC-00025,,+919876501001,,,
REC-00026,,+919876501001,,,
REC-00027,,+919876501001,,,
REC-00028,,+919876501001,,,
REC-00029,,+919876501001,,,
REC-00030,,+919876501001,,,
REC-00031,,+919876501001,,,
REC-00032,,+919876501001,,,
REC-00033,,+919876501002,,,
REC-00034,,+919876501003,,,
REC-00035,,+919876501004,,,
REC-00036,,+919876501005,,,
REC-00037,,,,,Delhi
REC-00038,,,,,Delhi
REC-00039,,,,,Delhi
REC-00040,,,,,Delhi
REC-00041,,,,,Delhi
REC-00042,,,,,Delhi
REC-00043,,,,,Delhi
REC-00044,,,,,Delhi
REC-00045,,,,,Delhi
REC-00046,,,,,Delhi
REC-00047,,,,,"Rohini, Delhi"
REC-00048,,,,,"Pitampura, Delhi"
REC-00049,,,,,Delhi
REC-00050,,,,,Delhi
REC-00051,,,,,Delhi
REC-00052,,,,,Delhi
REC-00053,,,,,Delhi
REC-00054,,,,,
REC-00055,Arjun Mehta,+919876501001,900011112222,,"18 Green Park, New Delhi"
REC-00056,Sana Qureshi,+919876501002,900011112233,,"24 Shalimar Bagh, Delhi"
REC-00057,Rohan Verma,+919876501003,900011112244,,"9 Rohini Sector 7, Delhi"
REC-00058,Neha Kapoor,+919876501004,900011112255,,"31 Model Town, Delhi"
REC-00059,Kabir Singh,+919876501005,900011112266,,"7 Pitampura, Delhi"
REC-00060,Arjun M. Mehta,+919876501001,900011112222,,"18 Green Park, New Delhi"
