full_name,phone,national_id,email,address
Rohit Verma,+919871100223,AADHAR-4455-8899-1122,rohit.verma.driver@gmail.com,"M-Block Market, GK-II, Delhi"
R Verma,+919871100223,,rohit.verma.driver@gmail.com,GK-2 Delhi
Rohit V.,,AADHAR-4455-8899-1122,,
Person 0,+91987639071,AADHAR-8087,person0@test.com,Delhi
Person 1,+91982692355,AADHAR-8209,person1@test.com,Delhi
Person 2,+91987502610,AADHAR-8790,person2@test.com,Delhi
Person 3,+91986226832,AADHAR-2185,person3@test.com,Delhi
Person 4,+91985333494,AADHAR-6181,person4@test.com,Delhi
Person 5,+91983297865,AADHAR-3148,person5@test.com,Delhi
Person 6,+91982584716,AADHAR-3194,person6@test.com,Delhi
Person 7,+91983397488,AADHAR-7293,person7@test.com,Delhi
Person 8,+91985129254,AADHAR-2281,person8@test.com,Delhi
Person 9,+91982474175,AADHAR-1225,person9@test.com,Delhi
Person 10,+91988622110,AADHAR-3340,person10@test.com,Delhi
Person 11,+91984927046,AADHAR-8913,person11@test.com,Delhi
Person 12,+91988487462,AADHAR-8174,person12@test.com,Delhi
Person 13,+91983476425,AADHAR-2090,person13@test.com,Delhi
Person 14,+91986253149,AADHAR-4799,person14@test.com,Delhi
Person 15,+91988191419,AADHAR-1237,person15@test.com,Delhi
Person 16,+91986553603,AADHAR-5900,person16@test.com,Delhi
Person 17,+91982615104,AADHAR-5529,person17@test.com,Delhi
Person 18,+91984031413,AADHAR-1339,person18@test.com,Delhi
Person 19,+91982512912,AADHAR-5268,person19@test.com,Delhi
Person 20,+91984901645,AADHAR-6684,person20@test.com,Delhi
Person 21,+91987435477,AADHAR-5390,person21@test.com,Delhi
Person 22,+91984155891,AADHAR-4070,person22@test.com,Delhi
Person 23,+91984894716,AADHAR-5603,person23@test.com,Delhi
Person 24,+91984319175,AADHAR-7276,person24@test.com,Delhi
Person 25,+91982629553,AADHAR-8663,person25@test.com,Delhi
Person 26,+91984802314,AADHAR-7832,person26@test.com,Delhi
Person 27,+91985258780,AADHAR-6033,person27@test.com,Delhi
Person 28,+91986174616,AADHAR-4329,person28@test.com,Delhi
Person 29,+91986218943,AADHAR-7684,person29@test.com,Delhi
Person 30,+91981159216,AADHAR-3335,person30@test.com,Delhi
Person 31,+91986884492,AADHAR-1893,person31@test.com,Delhi
Person 32,+91988471966,AADHAR-2738,person32@test.com,Delhi
Person 33,+91987706608,AADHAR-9864,person33@test.com,Delhi
Person 34,+91988374658,AADHAR-1379,person34@test.com,Delhi
Person 35,+91981691383,AADHAR-1719,person35@test.com,Delhi
Person 36,+91986146380,AADHAR-6091,person36@test.com,Delhi
Person 37,+91988578579,AADHAR-3748,person37@test.com,Delhi
Person 38,+91987258068,AADHAR-1041,person38@test.com,Delhi
Person 39,+91984383027,AADHAR-4492,person39@test.com,Delhi
Person 40,+91983551155,AADHAR-3018,person40@test.com,Delhi
Person 41,+91983175640,AADHAR-6773,person41@test.com,Delhi
Person 42,+91987645663,AADHAR-1779,person42@test.com,Delhi
Person 43,+91987637390,AADHAR-2871,person43@test.com,Delhi
Person 44,+91981840025,AADHAR-5063,person44@test.com,Delhi
Person 45,+91983793903,AADHAR-2065,person45@test.com,Delhi
Person 46,+91988611378,AADHAR-5418,person46@test.com,Delhi
